sku,title,pdf,image,type
bw_activity_days,Primary Activity Days Super Pack,primary_activity_packet_bw.pdf,enclosed_activity_day_bw.jpg,B/W
bw_alma_the_younger,Alma the Younger,alma_bw.pdf,enclosed_alma_bw.jpg,B/W
bw_ammon,Ammon,ammon_bw.pdf,enclosed_ammon_bw.jpg,B/W
bw_aof_01,Article of Faith 1,aof_1_bw.pdf,enclosed_1_bw.jpg,B/W
bw_aof_02,Article of Faith 2,aof_2_bw.pdf,enclosed_2_bw.jpg,B/W
bw_aof_03,Article of Faith 3,aof_3_bw.pdf,enclosed_3_bw.jpg,B/W
bw_aof_04,Article of Faith 4,aof_4_bw.pdf,enclosed_4_bw.jpg,B/W
bw_aof_05,Article of Faith 5,aof_5_bw.pdf,enclosed_5th_bw.jpg,B/W
bw_aof_06,Article of Faith 6,aof_6_bw.pdf,enclosed_6th_bw.jpg,B/W
bw_aof_07,Article of Faith 7,aof_7_bw.pdf,enclosed_7th_bw.jpg,B/W
bw_aof_08-09,Article of Faith 8 and 9,aof_8_9_bw.pdf,enclosed_8-9_bw.jpg,B/W
bw_aof_10,Article of Faith 10,aof_10_bw.pdf,enclosed_10_bw.jpg,B/W
bw_aof_11,Article of Faith 11,aof_11_bw.pdf,enclosed_11th_bw.jpg,B/W
bw_aof_12,Article of Faith 12,aof_12_bw.pdf,enclosed_12th_bw.jpg,B/W
bw_aof_13,Article of Faith 13,aof_13_bw.pdf,enclosed_13th_bw.jpg,B/W
bw_armor_of_god,Putting on the Whole Armor of God,armor_of_god_bw.pdf,enclosed_armor_bw.jpg,B/W
bw_bad_words,I will not say bad words,bad_words_bw.pdf,enclosed_bad_words_bw.jpg,B/W
bw_baptism,Baptism,baptism_bw.pdf,enclosed_baptism_bw.jpg,B/W
bw_baptism_book,My Baptism Book,baptism_book_bw.pdf,enclosed_baptism_journal_bw.jpg,B/W
bw_being_thankful,Being Thankful,being_thankful_bw.pdf,enclosed_being_thankful_bw.jpg,B/W
bw_body_is_temple,My Body is a Temple,My_body_is_a_temple_bw_st.pdf,enclosed_body_is_temple_bw.jpg,B/W
bw_brigham_young,Brigham Young,brigham_young_bw.pdf,enclosed_brigham_bw.jpg,B/W
bw_brother_of_jared,The Brother of Jared,brother_of_jared_bw.pdf,enclosed_brother of jared bw.jpg,B/W
bw_brothers_and_sisters,Brothers and Sisters,brothers_and_sisters_bw.pdf,enclosed_brostherssiters_bw.jpg,B/W
bw_brothers_and_sisters,Brothers and Sisters,brothers_and_sisters_bw_0.pdf,enclosed_brostherssiters_bw.jpg,B/W
bw_brothers_keeper,Our Brother&apos;s Keeper,brothers_keeper_bw.pdf,enclosed_ourbrothers_bw.jpg,B/W
bw_carson,Carson&comma; the Car with a Complex,carson_bw.pdf,enclosed_carson_bw.jpg,B/W
bw_cheaters,Cheaters Never Win,cheaters_bw.pdf,enclosed_cheaters_bw.jpg,B/W
bw_child_of_god,I am a Child of God,child_of_god_bw.pdf,enclosed_child_of_god_bw.jpg,B/W
bw_children_all_over_the_world,Children All Over the World,children_all_over_the_world_bw.pdf,enclosed_children_all_over_the_world.resized.jpg,B/W
bw_children_of_israel,Children of Israel,children_of_israel_bw.pdf,enclosed_childrenisrael_bw.jpg,B/W
bw_chores,Learning Obedience through Chores,chores_bw.pdf,enclosed_chores_bw.jpg,B/W
bw_christ_centered_christmas,Christ Centered Christmas,a_christ_centered_bw_1.pdf,enclosed_christcentered_bw.jpg,B/W
bw_colorado_jones,Colorado Jones and the &quot;Choose Wisely&quot; Crusade,colorado_jones_bw.pdf,enclosed_colorado_jones_bw.jpg,B/W
bw_conf_lingo_bingo,Conference Lingo Bingo,conference_lingo_bingo_bw.pdf,enclosed_bingo_lingo_bw.jpg,B/W
bw_courage,Courage &hyphen; A Valuable Lesson From Captain Moroni,courage_bw.pdf,enclosed_courage_bw_1.jpg,B/W
bw_creation,Creation,creation_bw.pdf,enclosed_creation_bw.jpg,B/W
bw_ctr,Choose the Right,ctr_bw.pdf,enclosed_choose_the_right_bw.jpg,B/W
bw_daniel_lions_den,Daniel and the Lion&apos;s Den,daniel_bw.pdf,enclosed_daniel_lions_den_bw.jpg,B/W
bw_david_and_goliath,David and Goliath,david_bw.pdf,enclosed_david_and_goliath_bw.jpg,B/W
bw_david_o_mckay,David O. McKay,david_o_mckay_bw.pdf,enclosed_davidomckay_bw.jpg,B/W
bw_easter,The True Meaning of Easter,easter_bw.pdf,enclosed_easter_bw.jpg,B/W
bw_enos,Enos&quot; Humble&quot; Faithful Prophet,enos_bw.pdf,enclosed_enos_bw.jpg,B/W
bw_ezra_taft_benson,Ezra Taft Benson,ezra_taft_benson_bw.pdf,enclosed_ezra_taft_benson_bw.jpg,B/W
bw_faith,Faith is Like a Little Seed,faith_bw.pdf,enclosed_faith_bw.jpg,B/W
bw_fasting,Fasting,fasting_bw.pdf,enclosed_fasting_bw.jpg,B/W
bw_feel_my_saviors_love,I Feel My Savior&apos;s Love,saviors_love_bw.pdf,enclosed_i_feel_bw.jpg,B/W
bw_first_vision,First Vision,first_vision_bw.pdf,enclosed_first_vision_bw.jpg,B/W
bw_forever_brothers,Forever Brothers &hyphen; Hyrum and Joseph,forever_brothers_bw.pdf,enclosed_forever_bw.jpg,B/W
bw_george_albert_smith,George Albert Smith,george_albert_smith_bw.pdf,enclosed_george_albert_smith_bw.jpg,B/W
bw_george_washington,George Washington,george_washington_bw.pdf,enclosed_washington_bw.jpg,B/W
bw_goalie,The Goalie from Tugget Gap &hyphen; Setting Goals,goalie_bw.pdf,enclosed_goalie_bw.jpg,B/W
bw_going_to_the_temple,I am Going to the Temple Some Day,going_to_temple_bw.pdf,enclosed_going_to_the_temple_bw.jpg,B/W
bw_good_helper,I can be a Good Helper,good_helper_bw_2.pdf,helper_bw_2.jpg,B/W
bw_good_sport,Being a Good Sport,being_good_sport_bw.pdf,enclosed_being_a_good_sport_bw.jpg,B/W
bw_gordon_b_hinckley,Gordon B. Hinckley,gordon_b_hinckley_bw.pdf,enclosed_hinkley_bw.jpg,B/W
bw_halloween_safety,Safety Sam&apos;s Halloween Safety,halloween_safety_bw.pdf,enclosed_halloween_bw.jpg,B/W
bw_harold_b_lee,Harold B. Lee,harold_b_lee_bw.pdf,enclosed_haroldblee_bw.jpg,B/W
bw_harry_hippo,Harry the Unhealthy Hippo,harry_hippo_bw.pdf,enclosed_harry_bw.jpg,B/W
bw_heber_j_grant,Heber J. Grant,heber_j_grant_bw_0.pdf,enclosed_heber_j_grant_bw.resized.jpg,B/W
bw_helaman,Helaman and the Stripling Warriors,helaman_bw.pdf,enclosed_helaman_bw.jpg,B/W
bw_howard_w_hunter,Howard W. Hunter,howard_w_hunter_bw.pdf,enclosed_hunter_bw.jpg,B/W
bw_itsnifty,It&apos;s Nifty to be Thrifty,its_nifty_bw.pdf,enclosed_thrifty_bw.jpg,B/W
bw_john_taylor,John Taylor&comma; &quot;Champion of Liberty&quot;,john_taylor_bw.pdf,enclosed_john_taylor_bw.jpg,B/W
bw_jonah,Jonah and the Whale,jonah_and_the_whale_bw_0.pdf,enclosed_jonah_bw.jpg,B/W
bw_jonah,Jonah and the Whale,jonah_and_the_whale_bw.pdf,enclosed_jonah_bw.jpg,B/W
bw_joseph_f_smith,Joseph F. Smith&comma; &quot;Father&comma; Grandfather and Prophet&quot;,joseph_f_smith_bw_new.pdf,enclosed_joseph_f_smith_bw.jpg,B/W
bw_joseph_fielding_smith,Joseph Fielding Smith,joseph_fielding_smith_bw.pdf,enclosed Fielding Smith.jpg,B/W
bw_joseph_smith,Joseph Smith&comma; the Prophet,joseph_smith_bw.pdf,enclosed_joseph_smith_bw.jpg,B/W
bw_judge_not,Judge Not,judge_not_bw.pdf,enclosed_judge_not_bw.jpg,B/W
bw_kindness,Kindness,kindness_bw.pdf,enclosed_kindness_bw.jpg,B/W
bw_king_benjamin,King Benjamin,king_benjamin_bw.pdf,enclosed_king_benjamin_bw.jpg,B/W
bw_lehi_dream,Lehi&apos;s Dream&comma; the Tree of Life,lehi_dream_bw.pdf,enclosed_lehi_bw.jpg,B/W
bw_liahona,Liahona,liahona_bw.pdf,enclosed_liahona_bw.jpg,B/W
bw_lorenzo_snow,Lorenzo Snow,lorenzo_snow_bw.pdf,enclosed_lorenzo_snow_bw.jpg,B/W
bw_love_one_another,Love One Another,love_one_another_bw.pdf,enclosed_love_one_another_bw.jpg,B/W
bw_lucy_learns_to_listen,Lucy Learns to Listen,lucy_learns_to_listen_bw.pdf,enclosed_lucy_bw.jpg,B/W
bw_manners,Being Respectful and Mannerly,manners_bw.pdf,enclosed_manners_bw.jpg,B/W
bw_mary_and_joseph,Mary and Joseph,mary_and_joseph_bw.pdf,enclosed_mary_and_joseph_bw.jpg,B/W
bw_masters_touch,Master&apos;s Touch,masters_touch_bw.pdf,enclosed_masterstouch_bw.jpg,B/W
bw_minding,Minding Mom and Dad,minding_mom_and_dad_bw.pdf,enclosed_minding_bw.jpg,B/W
bw_miracles_of_jesus,Miracles of Jesus,miracles_of_jesus_bw.pdf,enclosed_miracles_bw.jpg,B/W
bw_missionaries_members_me,Missionaries&comma; Members and Me,missionaries_members_me_bw_2.pdf,enclosed_missionary_bw.jpg,B/W
bw_monster_mayhem,Monster Mayhem,monster_mayhem_bw.pdf,enclosed_monster_bw.resized.jpg,B/W
bw_moronis_gift,Moroni&apos;s Gift of the Book of Mormon,moronis_gift_bw.pdf,enclosed_moroni's_gift.jpg,B/W
bw_moses_ten_commandments,Moses and the Ten Commandments (Stealing Never Pays),moses_ten_commandments_bw.pdf,enclosed ten_comandmentsbw.jpg,B/W
bw_music_makes_me_happy,Music Makes Me Happy,music_makes_me_happy_bw.pdf,enclosed_music_bw_0.jpg,B/W
bw_noahs_ark,Noah&apos;s Ark,noah_bw.pdf,enclosed_noah_bw.jpg,B/W
bw_one_magical_christmas,One Magical Christmas,one_magical_christmas_bw.pdf,enclosed_onemagical_bw.jpg,B/W
bw_percy,Percy and the Power of Forgiveness,percy_bw.pdf,enclosed_percy_bw.jpg,B/W
bw_peter,Peter Walks on Water,peter_bw.pdf,enclosed_peter_bw.jpg,B/W
bw_pioneer_heroes,Pioneer Heroes,pioneers_bw.pdf,enclosed_pioneer_bw.jpg,B/W
bw_plan_of_salvation,Patrick and the Plan of Salvation,plan_of_salvation_bw.pdf,enclosed_plan_of_salvation_bw.jpg,B/W
bw_plates_of_brass,Nephi and the Plates of Brass,nephi_plate_of_brass_bw.pdf,enclosed_nephi_bw.jpg,B/W
bw_prayer,Prayer,Prayer_2016_bw.pdf,new_enlcosed_prayer_bw.jpg,B/W
bw_priesthood,Priesthood&comma; a Team Effort,priesthood_bw.pdf,enclosed_priesthood_bw.jpg,B/W
bw_prodigal_son,Prodigal Son,prodigal_son_bw.pdf,enclosed_prodigal_son_bw.jpg,B/W
bw_proud_to_be_mormon,I am Proud to be a Mormon,proud_to_be_mormon_bw.pdf,enclosed_proud_to_be_bw.jpg,B/W
bw_purse_reading_chart,Purse&comma; Book of Mormon Reading Chart,purse_reading_chart_bw.pdf,enclosed_purse_bw.jpg,B/W
bw_repentance,Repentance&comma; A Gift from the Savior,repentance_bw.pdf,enclosed_repentence_bw.jpg,B/W
bw_reverence,Reverence Begins with Me,reverence_bw.pdf,enclosed_reverence_bw.jpg,B/W
bw_ruth,Ruth and Naomi,ruth_bw.pdf,enclosed_ruth_bw_1.jpg,B/W
bw_sabbath,Keeping the Sabbath Day Holy,sabbath_day_bw.pdf,enclosed_sabbath_bw.jpg,B/W
bw_sacrament,The Sacrament,sacrament_bw.pdf,enclosed_sacrament_bw.jpg,B/W
bw_sacred_plates,Sacred Plates,sacred_plates_bw.pdf,enclosed_sacred_plates_bw.jpg,B/W
bw_samaritan,Good Samaritan,good_samaritan_bw.pdf,enclosed_good_samaritan_bw.jpg,B/W
bw_samuel_the_lamanite,Samuel the Lamanite,samuel_bw.pdf,enclosed_samuel_the_lamanite_bw.jpg,B/W
bw_say_sorry,I Can Say I&apos;m Sorry,say_sorry_bw.pdf,enclosed_sorry_bw.jpg,B/W
bw_servants,The Serv&hyphen;Ants,servants_bw.pdf,enclosed_servants_bw.jpg,B/W
bw_shadrach,Shadrach&comma; Meshach & Abednego&comma; Facing the Bullies on our Lives,shadrach_bw.pdf,enclosed_shadrach_bw.jpg,B/W
bw_sharing,I Can show Love by Sharing with Others,sharing_bw.pdf,enclosed_sharing_bw.jpg,B/W
bw_snarley_snake,Snarley the Snickedy Snake,snarly_snake_bw.pdf,enclosed_snarly_bw.jpg,B/W
bw_spencer_w_kimball,Spencer W. Kimball,spencer_w_kimball_bw.pdf,enclosed_kimble_bw.jpg,B/W
bw_still_small_voice,The Still Small Voice,still_small_voice_bw.pdf,enclosed_still_bw.jpg,B/W
bw_stranger_safety,Stranger Safety,stranger_safety_bw.pdf,enclosed_stranger_safety_black_and_white.resized.jpg,B/W
bw_superheroes,Super Heroes in Red&comma; Yellow and Blue,superheroes_bw.pdf,enclosed_primary_bw_2.jpg,B/W
bw_tall_tale,Tall Tale of Telling the Truth,tall_tale_bw.pdf,enclosed_tall_tale_bw.jpg,B/W
bw_tempers_and_tantrums,Tempers and Tantrums,tempers_and_tantrums_bw.pdf,enclosed_tempers_bw.jpg,B/W
bw_thankful_for_daddy,I am Thankful for Daddy,thankful_for_daddy_bw.pdf,enclosed_daddy_bw.jpg,B/W
bw_thankful_for_grandparents,I am Thankful for Grandparents,thankful_for_grandparents_bw.pdf,enclosed_i_am_thankful_for_grandparents_bw.jpg,B/W
bw_thankful_for_mommy,I am Thankful for Mommy,thankful_for_mommy_bw.pdf,enclosed_mother_bw.jpg,B/W
bw_thankful_for_primary,I am Thankful for Primary,thankful_for_primary_bw.pdf,enclosed_primary_bw_1.jpg,B/W
bw_thankful_savior,I am Thankful for the Savior,thankful_for_savior_bw.pdf,enclosed_thankful_for_savior_bw.jpg,B/W
bw_thanksgiving,Thanksgiving,thanksgiving_bw.pdf,enclosed_thanksgiving_bw.jpg,B/W
bw_thomas_s_monson,Thomas S. Monson &comma; a Prophet for the World,pres_monson_bw.pdf,enclosed_thomas_s_monson_bw.jpg,B/W
bw_tithing,Tithing,tithing_bw.pdf,enclosed_tithing_bw.resized.jpg,B/W
bw_train_reading_chart,Train&comma; Book of Mormon Reading Chart,train_reading_chart_bw.pdf,enclosed_trainbom_bw.jpg,B/W
bw_up_a_tree,Up a Tree with Family History,up_a_tree_bw.pdf,enlcosed_up.jpg,B/W
bw_what_is_a_family,What is a Family?,what_is_a_family_bw.pdf,enclosed family_bw.jpg,B/W
bw_what_is_testimony,What is a Testimony,what_is_testimony_bw_0.pdf,enclosed_testimony_bw.jpg,B/W
bw_whine,I will not Whine,whine_bw.pdf,enclosed_whine_bw.jpg,B/W
bw_wilford_woodruff,Wilford Woodruff,wilford_woodruff_bw.pdf,enclosed_wilford_woodruff_bw.jpg,B/W
bw_work_hard,I Can Work Hard,work_hard_bw.pdf,aa enclosed work hard bw.jpg,B/W
bw_wow,Words of Wisdom,wow_bw.pdf,enclosed_words_of_wisdom_bw.jpg,B/W
